id,flight_date,flight_status,flight_number,flight_iata,flight_icao,airline_name,airline_iata,airline_icao,depart_airport,depart_timezone,depart_iata,depart_icao,depart_terminal,depart_gate,depart_delay,depart_scheduled,depart_estimated,depart_actual,depart_estimated_runway,depart_actual_runway,arrival_airport,arrival_timezone,arrival_iata,arrival_icao,arrival_terminal,arrival_gate,arrival_baggage,arrival_delay,arrival_scheduled,arrival_estimated,arrival_actual,arrival_estimated_runway,arrival_actual_runway,aircraft_registration,aircraft_iata,aircraft_icao,aircraft_icao24
2024-04-15DL1075None,2024-04-15,landed,1075,DL1075,DAL1075,Delta Air Lines,DL,DAL,Pittsburgh International,America/New_York,PIT,KPIT,,D76,18,2024-04-15T13:01:00+00:00,2024-04-15T13:01:00+00:00,2024-04-15T13:18:00+00:00,2024-04-15T13:18:00+00:00,2024-04-15T13:18:00+00:00,Hartsfield-jackson Atlanta International,America/New_York,ATL,KATL,S,B29,4,,2024-04-15T14:45:00+00:00,2024-04-15T14:45:00+00:00,2024-04-15T14:28:00+00:00,2024-04-15T14:28:00+00:00,2024-04-15T14:28:00+00:00,None,None,None,None
2024-04-15DL5006None,2024-04-15,landed,5006,DL5006,DAL5006,Delta Air Lines,DL,DAL,Raleigh-durham International Airport,America/New_York,RDU,KRDU,2,D14,22,2024-04-15T06:15:00+00:00,2024-04-15T06:15:00+00:00,2024-04-15T06:36:00+00:00,2024-04-15T06:36:00+00:00,2024-04-15T06:36:00+00:00,Ronald Reagan Washington National Airport,America/New_York,DCA,KDCA,2,B15,,,2024-04-15T07:29:00+00:00,2024-04-15T07:29:00+00:00,2024-04-15T07:20:00+00:00,2024-04-15T07:20:00+00:00,2024-04-15T07:20:00+00:00,None,None,None,None
2024-04-15DL5206None,2024-04-15,landed,5206,DL5206,DAL5206,Delta Air Lines,DL,DAL,Richmond International Airport,America/New_York,RIC,KRIC,,B10,16,2024-04-15T06:00:00+00:00,2024-04-15T06:00:00+00:00,2024-04-15T06:15:00+00:00,2024-04-15T06:15:00+00:00,2024-04-15T06:15:00+00:00,La Guardia,America/New_York,LGA,KLGA,C,94,1,,2024-04-15T07:13:00+00:00,2024-04-15T07:13:00+00:00,2024-04-15T07:05:00+00:00,2024-04-15T07:05:00+00:00,2024-04-15T07:05:00+00:00,None,None,None,None
2024-04-15DL6932None,2024-04-15,landed,6932,DL6932,DAL6932,Delta Air Lines,DL,DAL,Calgary International Airport,America/Edmonton,YYC,CYYC,,B31,16,2024-04-15T18:30:00+00:00,2024-04-15T18:30:00+00:00,2024-04-15T18:45:00+00:00,2024-04-15T18:45:00+00:00,2024-04-15T18:45:00+00:00,Edmonton International Airport,America/Edmonton,YEG,CYEG,3,49I,,,2024-04-15T19:23:00+00:00,2024-04-15T19:23:00+00:00,2024-04-15T19:16:00+00:00,2024-04-15T19:16:00+00:00,2024-04-15T19:16:00+00:00,None,None,None,None
2024-04-15DL9589None,2024-04-15,landed,9589,DL9589,DAL9589,Delta Air Lines,DL,DAL,Bremen,Europe/Berlin,BRE,EDDW,1,A06,30,2024-04-15T10:10:00+00:00,2024-04-15T10:10:00+00:00,2024-04-15T10:39:00+00:00,2024-04-15T10:39:00+00:00,2024-04-15T10:39:00+00:00,Schiphol,Europe/Amsterdam,AMS,EHAM,2,A04,009,16,2024-04-15T11:05:00+00:00,2024-04-15T11:05:00+00:00,2024-04-15T11:21:00+00:00,2024-04-15T11:21:00+00:00,2024-04-15T11:21:00+00:00,None,None,None,None
2024-04-15DL8355None,2024-04-15,landed,8355,DL8355,DAL8355,Delta Air Lines,DL,DAL,Blagnac,Europe/Paris,TLS,LFBO,,51,14,2024-04-15T10:45:00+00:00,2024-04-15T10:45:00+00:00,2024-04-15T10:58:00+00:00,2024-04-15T10:58:00+00:00,2024-04-15T10:58:00+00:00,Charles De Gaulle,Europe/Paris,CDG,LFPG,2F,,23,,2024-04-15T12:15:00+00:00,2024-04-15T12:15:00+00:00,2024-04-15T12:10:00+00:00,2024-04-15T12:10:00+00:00,2024-04-15T12:10:00+00:00,None,None,None,None
2024-04-15DL9522None,2024-04-15,landed,9522,DL9522,DAL9522,Delta Air Lines,DL,DAL,Bristol,Europe/London,BRS,EGGD,,10,42,2024-04-15T09:20:00+00:00,2024-04-15T09:20:00+00:00,2024-04-15T10:01:00+00:00,2024-04-15T10:01:00+00:00,2024-04-15T10:01:00+00:00,Schiphol,Europe/Amsterdam,AMS,EHAM,2,A08,010,19,2024-04-15T11:35:00+00:00,2024-04-15T11:35:00+00:00,2024-04-15T11:53:00+00:00,2024-04-15T11:53:00+00:00,2024-04-15T11:53:00+00:00,None,None,None,None
2024-04-15DL9476None,2024-04-15,landed,9476,DL9476,DAL9476,Delta Air Lines,DL,DAL,Schiphol,Europe/Amsterdam,AMS,EHAM,1,B23,36,2024-04-15T09:05:00+00:00,2024-04-15T09:05:00+00:00,2024-04-15T09:41:00+00:00,2024-04-15T09:41:00+00:00,2024-04-15T09:41:00+00:00,Blagnac,Europe/Paris,TLS,LFBO,1,02,2,14,2024-04-15T10:55:00+00:00,2024-04-15T10:55:00+00:00,2024-04-15T11:08:00+00:00,2024-04-15T11:08:00+00:00,2024-04-15T11:08:00+00:00,None,None,None,None
2024-04-15DL141B763,2024-04-15,landed,141,DL141,DAL141,Delta Air Lines,DL,DAL,Brussels Airport,Europe/Brussels,BRU,EBBR,,B29,15,2024-04-15T10:40:00+00:00,2024-04-15T10:40:00+00:00,2024-04-15T10:54:00+00:00,2024-04-15T10:54:00+00:00,2024-04-15T10:54:00+00:00,John F Kennedy International,America/New_York,JFK,KJFK,4,B36,T4,,2024-04-15T13:10:00+00:00,2024-04-15T13:10:00+00:00,2024-04-15T13:02:00+00:00,2024-04-15T13:02:00+00:00,2024-04-15T13:02:00+00:00,N194DN,B763,B763,A1775F
2024-04-15DL9470None,2024-04-15,landed,9470,DL9470,DAL9470,Delta Air Lines,DL,DAL,Euroairport Swiss,Europe/Zurich,BSL,LFSB,,2,18,2024-04-15T10:15:00+00:00,2024-04-15T10:15:00+00:00,2024-04-15T10:33:00+00:00,2024-04-15T10:33:00+00:00,2024-04-15T10:33:00+00:00,Schiphol,Europe/Amsterdam,AMS,EHAM,2,B24,012,,2024-04-15T11:45:00+00:00,2024-04-15T11:45:00+00:00,2024-04-15T11:44:00+00:00,2024-04-15T11:44:00+00:00,2024-04-15T11:44:00+00:00,None,None,None,None
2024-04-15DL8267None,2024-04-15,cancelled,8267,DL8267,DAL8267,Delta Air Lines,DL,DAL,Euroairport Swiss,Europe/Zurich,BSL,LFSB,,2,100,2024-04-15T10:55:00+00:00,2024-04-15T10:55:00+00:00,,,,Charles De Gaulle,Europe/Paris,CDG,LFPG,2G,,1G,,2024-04-15T12:10:00+00:00,2024-04-15T12:10:00+00:00,,,,None,None,None,None
2024-04-15DL45B763,2024-04-15,landed,45,DL45,DAL45,Delta Air Lines,DL,DAL,Dublin International,Europe/Dublin,DUB,EIDW,2,406,11,2024-04-15T10:00:00+00:00,2024-04-15T10:00:00+00:00,2024-04-15T10:10:00+00:00,2024-04-15T10:10:00+00:00,2024-04-15T10:10:00+00:00,John F Kennedy International,America/New_York,JFK,KJFK,4,B35,T4,,2024-04-15T12:40:00+00:00,2024-04-15T12:40:00+00:00,2024-04-15T12:08:00+00:00,2024-04-15T12:08:00+00:00,2024-04-15T12:08:00+00:00,N1602,B763,B763,A0F44C
2024-04-15DL6005None,2024-04-15,active,6005,DL6005,DAL6005,Delta Air Lines,DL,DAL,Presidente Juscelino Kubitschek,America/Sao_Paulo,BSB,SBBR,1,50,9,2024-04-15T05:40:00+00:00,2024-04-15T05:40:00+00:00,,,,Aeroporto Internacional Guarulhos,America/Sao_Paulo,GRU,SBGR,2,,,,2024-04-15T07:30:00+00:00,2024-04-15T07:30:00+00:00,,,,None,None,None,None
2024-04-15DL2314A319,2024-04-15,landed,2314,DL2314,DAL2314,Delta Air Lines,DL,DAL,Portland International,America/Los_Angeles,PDX,KPDX,,D9,3,2024-04-15T17:00:00+00:00,2024-04-15T17:00:00+00:00,2024-04-15T17:03:00+00:00,2024-04-15T17:03:00+00:00,2024-04-15T17:03:00+00:00,Los Angeles International,America/Los_Angeles,LAX,KLAX,2,23B,26,,2024-04-15T19:25:00+00:00,2024-04-15T19:25:00+00:00,2024-04-15T18:56:00+00:00,2024-04-15T18:56:00+00:00,2024-04-15T18:56:00+00:00,N349NB,A319,A319,A3DFEB
2024-04-15DL3688None,2024-04-15,landed,3688,DL3688,DAL3688,Delta Air Lines,DL,DAL,Seattle-Tacoma International,America/Los_Angeles,SEA,KSEA,,A7,13,2024-04-15T16:59:00+00:00,2024-04-15T16:59:00+00:00,2024-04-15T17:11:00+00:00,2024-04-15T17:11:00+00:00,2024-04-15T17:11:00+00:00,Boise Air Terminal/Gowen Field,America/Boise,BOI,KBOI,1,B20,,,2024-04-15T19:19:00+00:00,2024-04-15T19:19:00+00:00,2024-04-15T19:15:00+00:00,2024-04-15T19:15:00+00:00,2024-04-15T19:15:00+00:00,None,None,None,None
2024-04-15DL2050A321,2024-04-15,landed,2050,DL2050,DAL2050,Delta Air Lines,DL,DAL,Buffalo Niagara International,America/New_York,BUF,KBUF,,23,,2024-04-15T19:22:00+00:00,2024-04-15T19:22:00+00:00,2024-04-15T19:22:00+00:00,2024-04-15T19:22:00+00:00,2024-04-15T19:22:00+00:00,Hartsfield-jackson Atlanta International,America/New_York,ATL,KATL,S,B4,6,,2024-04-15T21:37:00+00:00,2024-04-15T21:37:00+00:00,2024-04-15T20:57:00+00:00,2024-04-15T20:57:00+00:00,2024-04-15T20:57:00+00:00,N330DX,A321,A321,A39630
2024-04-15DL1124B739,2024-04-15,landed,1124,DL1124,DAL1124,Delta Air Lines,DL,DAL,Southwest Florida International,America/New_York,RSW,KRSW,,C7,7,2024-04-15T19:53:00+00:00,2024-04-15T19:53:00+00:00,2024-04-15T19:59:00+00:00,2024-04-15T19:59:00+00:00,2024-04-15T19:59:00+00:00,Hartsfield-jackson Atlanta International,America/New_York,ATL,KATL,S,D8A,2,,2024-04-15T21:44:00+00:00,2024-04-15T21:44:00+00:00,2024-04-15T21:20:00+00:00,2024-04-15T21:20:00+00:00,2024-04-15T21:20:00+00:00,N935DZ,B739,B739,ACF89F
2024-04-15DL2762None,2024-04-15,landed,2762,DL2762,DAL2762,Delta Air Lines,DL,DAL,Melbourne International Airport,America/New_York,MLB,KMLB,,01,14,2024-04-15T20:00:00+00:00,2024-04-15T20:00:00+00:00,2024-04-15T19:57:00+00:00,2024-04-15T19:57:00+00:00,2024-04-15T19:57:00+00:00,Hartsfield-jackson Atlanta International,America/New_York,ATL,KATL,S,D6,2,,2024-04-15T21:39:00+00:00,2024-04-15T21:39:00+00:00,2024-04-15T21:06:00+00:00,2024-04-15T21:06:00+00:00,2024-04-15T21:06:00+00:00,None,None,None,None
2024-04-15DL1324None,2024-04-15,landed,1324,DL1324,DAL1324,Delta Air Lines,DL,DAL,Southwest Florida International,America/New_York,RSW,KRSW,,C6,14,2024-04-15T20:07:00+00:00,2024-04-15T20:07:00+00:00,2024-04-15T19:57:00+00:00,2024-04-15T19:57:00+00:00,2024-04-15T19:57:00+00:00,Detroit Metropolitan Wayne County,America/Detroit,DTW,KDTW,EM,A8,10,,2024-04-15T23:02:00+00:00,2024-04-15T23:02:00+00:00,2024-04-15T22:30:00+00:00,2024-04-15T22:30:00+00:00,2024-04-15T22:30:00+00:00,None,None,None,None
2024-04-15DL4050None,2024-04-15,landed,4050,DL4050,DAL4050,Delta Air Lines,DL,DAL,Rochester International Airport,America/Chicago,RST,KRST,,02,5,2024-04-15T18:20:00+00:00,2024-04-15T18:20:00+00:00,2024-04-15T18:24:00+00:00,2024-04-15T18:24:00+00:00,2024-04-15T18:24:00+00:00,Minneapolis - St. Paul International,America/Chicago,MSP,KMSP,1,C10,6,,2024-04-15T19:12:00+00:00,2024-04-15T19:12:00+00:00,2024-04-15T18:53:00+00:00,2024-04-15T18:53:00+00:00,2024-04-15T18:53:00+00:00,None,None,None,None
2024-04-15DL5705None,2024-04-15,landed,5705,DL5705,DAL5705,Delta Air Lines,DL,DAL,Buffalo Niagara International,America/New_York,BUF,KBUF,,20,8,2024-04-15T19:55:00+00:00,2024-04-15T19:55:00+00:00,2024-04-15T20:02:00+00:00,2024-04-15T20:02:00+00:00,2024-04-15T20:02:00+00:00,John F Kennedy International,America/New_York,JFK,KJFK,4,A15,,,2024-04-15T21:39:00+00:00,2024-04-15T21:39:00+00:00,2024-04-15T21:03:00+00:00,2024-04-15T21:03:00+00:00,2024-04-15T21:03:00+00:00,None,None,None,None
2024-04-15DL2400B739,2024-04-15,landed,2400,DL2400,DAL2400,Delta Air Lines,DL,DAL,Louisville International (Standiford Field),America/Kentucky/Louisville,SDF,KSDF,,A5,15,2024-04-15T20:18:00+00:00,2024-04-15T20:18:00+00:00,2024-04-15T20:14:00+00:00,2024-04-15T20:14:00+00:00,2024-04-15T20:14:00+00:00,Hartsfield-jackson Atlanta International,America/New_York,ATL,KATL,S,T8,1,,2024-04-15T21:50:00+00:00,2024-04-15T21:50:00+00:00,2024-04-15T21:10:00+00:00,2024-04-15T21:10:00+00:00,2024-04-15T21:10:00+00:00,N902DN,B739,B739,AC76F2
2024-04-15DL1109None,2024-04-15,landed,1109,DL1109,DAL1109,Delta Air Lines,DL,DAL,Albuquerque International,America/Denver,ABQ,KABQ,,B10,2,2024-04-15T16:29:00+00:00,2024-04-15T16:29:00+00:00,2024-04-15T16:31:00+00:00,2024-04-15T16:31:00+00:00,2024-04-15T16:31:00+00:00,Hartsfield-jackson Atlanta International,America/New_York,ATL,KATL,S,C43,2,,2024-04-15T21:29:00+00:00,2024-04-15T21:29:00+00:00,2024-04-15T20:58:00+00:00,2024-04-15T20:58:00+00:00,2024-04-15T20:58:00+00:00,None,None,None,None
2024-04-15DL1603None,2024-04-15,landed,1603,DL1603,DAL1603,Delta Air Lines,DL,DAL,Mc Carran International,America/Los_Angeles,LAS,KLAS,1,D34,12,2024-04-15T17:59:00+00:00,2024-04-15T17:59:00+00:00,2024-04-15T18:11:00+00:00,2024-04-15T18:11:00+00:00,2024-04-15T18:11:00+00:00,Los Angeles International,America/Los_Angeles,LAX,KLAX,2,24,24,,2024-04-15T19:18:00+00:00,2024-04-15T19:18:00+00:00,2024-04-15T18:54:00+00:00,2024-04-15T18:54:00+00:00,2024-04-15T18:54:00+00:00,None,None,None,None
2024-04-15DL2567A321,2024-04-15,landed,2567,DL2567,DAL2567,Delta Air Lines,DL,DAL,Mc Carran International,America/Los_Angeles,LAS,KLAS,1,D36,22,2024-04-15T17:45:00+00:00,2024-04-15T17:45:00+00:00,2024-04-15T18:06:00+00:00,2024-04-15T18:06:00+00:00,2024-04-15T18:06:00+00:00,Salt Lake City International,America/Denver,SLC,KSLC,1,A24,,4,2024-04-15T20:13:00+00:00,2024-04-15T20:13:00+00:00,2024-04-15T20:16:00+00:00,2024-04-15T20:16:00+00:00,2024-04-15T20:16:00+00:00,N370DN,A321,A321,A43423
2024-04-15DL6031None,2024-04-15,landed,6031,DL6031,DAL6031,Delta Air Lines,DL,DAL,Aeroporto Internacional Guarulhos,America/Sao_Paulo,GRU,SBGR,2,218,14,2024-04-15T22:25:00+00:00,2024-04-15T22:25:00+00:00,2024-04-15T22:39:00+00:00,2024-04-15T22:39:00+00:00,2024-04-15T22:39:00+00:00,Palmares,America/Maceio,MCZ,SBMO,T1,E01,,,2024-04-16T01:15:00+00:00,2024-04-16T01:15:00+00:00,2024-04-16T01:04:00+00:00,2024-04-16T01:04:00+00:00,2024-04-16T01:04:00+00:00,None,None,None,None
2024-04-15DL2576None,2024-04-15,landed,2576,DL2576,DAL2576,Delta Air Lines,DL,DAL,"Charleston, AFB Municipal",America/New_York,CHS,KCHS,,A5,14,2024-04-15T20:22:00+00:00,2024-04-15T20:22:00+00:00,2024-04-15T20:36:00+00:00,2024-04-15T20:36:00+00:00,2024-04-15T20:36:00+00:00,Hartsfield-jackson Atlanta International,America/New_York,ATL,KATL,S,B33,4,,2024-04-15T21:44:00+00:00,2024-04-15T21:44:00+00:00,2024-04-15T21:22:00+00:00,2024-04-15T21:22:00+00:00,2024-04-15T21:22:00+00:00,None,None,None,None
2024-04-15DL8030None,2024-04-15,landed,8030,DL8030,DAL8030,Delta Air Lines,DL,DAL,Internacional Benito Juarez,America/Mexico_City,MEX,MMMX,2,71,56,2024-04-15T15:55:00+00:00,2024-04-15T15:55:00+00:00,2024-04-15T16:50:00+00:00,2024-04-15T16:50:00+00:00,2024-04-15T16:50:00+00:00,Gen Pesqueira Garcia,America/Hermosillo,HMO,MMHO,A,7,,8,2024-04-15T18:03:00+00:00,2024-04-15T18:03:00+00:00,2024-04-15T18:10:00+00:00,2024-04-15T18:10:00+00:00,2024-04-15T18:10:00+00:00,None,None,None,None
2024-04-15DL6134None,2024-04-15,landed,6134,DL6134,DAL6134,Delta Air Lines,DL,DAL,Salgado Filho,America/Sao_Paulo,POA,SBPA,1,106,9,2024-04-15T06:05:00+00:00,2024-04-15T06:05:00+00:00,2024-04-15T06:14:00+00:00,2024-04-15T06:14:00+00:00,2024-04-15T06:14:00+00:00,Aeroporto Internacional Guarulhos,America/Sao_Paulo,GRU,SBGR,2,,,,2024-04-15T07:50:00+00:00,2024-04-15T07:50:00+00:00,2024-04-15T07:35:00+00:00,2024-04-15T07:35:00+00:00,2024-04-15T07:35:00+00:00,None,None,None,None
2024-04-15DL9345None,2024-04-15,landed,9345,DL9345,DAL9345,Delta Air Lines,DL,DAL,Schiphol,Europe/Amsterdam,AMS,EHAM,2,D6,16,2024-04-15T09:25:00+00:00,2024-04-15T09:25:00+00:00,2024-04-15T09:40:00+00:00,2024-04-15T09:40:00+00:00,2024-04-15T09:40:00+00:00,London City Airport,Europe/London,LCY,EGLC,1,,01,,2024-04-15T09:30:00+00:00,2024-04-15T09:30:00+00:00,2024-04-15T09:26:00+00:00,2024-04-15T09:26:00+00:00,2024-04-15T09:26:00+00:00,None,None,None,None
2024-04-15DL6004None,2024-04-15,active,6004,DL6004,DAL6004,Delta Air Lines,DL,DAL,Londrina,America/Sao_Paulo,LDB,SBLO,,,2,2024-04-15T05:50:00+00:00,2024-04-15T05:50:00+00:00,2024-04-15T05:52:00+00:00,2024-04-15T05:52:00+00:00,2024-04-15T05:52:00+00:00,Aeroporto Internacional Guarulhos,America/Sao_Paulo,GRU,SBGR,2,,,,2024-04-15T07:10:00+00:00,2024-04-15T07:10:00+00:00,,,,None,None,None,None
2024-04-15DL6014None,2024-04-15,landed,6014,DL6014,DAL6014,Delta Air Lines,DL,DAL,Londrina,America/Sao_Paulo,LDB,SBLO,,,2,2024-04-15T05:50:00+00:00,2024-04-15T05:50:00+00:00,2024-04-15T05:52:00+00:00,2024-04-15T05:52:00+00:00,2024-04-15T05:52:00+00:00,Aeroporto Internacional Guarulhos,America/Sao_Paulo,GRU,SBGR,2,,,,2024-04-15T07:10:00+00:00,2024-04-15T07:10:00+00:00,2024-04-15T06:44:00+00:00,2024-04-15T06:44:00+00:00,2024-04-15T06:44:00+00:00,None,None,None,None
2024-04-15DL559A321,2024-04-15,landed,559,DL559,DAL559,Delta Air Lines,DL,DAL,Denver International,America/Denver,DEN,KDEN,,A50,10,2024-04-15T08:05:00+00:00,2024-04-15T08:05:00+00:00,2024-04-15T08:14:00+00:00,2024-04-15T08:14:00+00:00,2024-04-15T08:14:00+00:00,Hartsfield-jackson Atlanta International,America/New_York,ATL,KATL,S,B31,4,,2024-04-15T13:03:00+00:00,2024-04-15T13:03:00+00:00,2024-04-15T12:30:00+00:00,2024-04-15T12:30:00+00:00,2024-04-15T12:30:00+00:00,N368DN,A321,A321,A42A5C
2024-04-15DL7501None,2024-04-15,landed,7501,DL7501,DAL7501,Delta Air Lines,DL,DAL,Macedonia International,Europe/Athens,SKG,LGTS,,14,14,2024-04-15T11:35:00+00:00,2024-04-15T11:35:00+00:00,2024-04-15T11:48:00+00:00,2024-04-15T11:48:00+00:00,2024-04-15T11:48:00+00:00,Schiphol,Europe/Amsterdam,AMS,EHAM,1,C18,016,,2024-04-15T13:40:00+00:00,2024-04-15T13:40:00+00:00,2024-04-15T13:30:00+00:00,2024-04-15T13:30:00+00:00,2024-04-15T13:30:00+00:00,None,None,None,None
2024-04-15DL8288None,2024-04-15,landed,8288,DL8288,DAL8288,Delta Air Lines,DL,DAL,Marseille Provence Airport,Europe/Paris,MRS,LFML,1A,43,15,2024-04-15T10:00:00+00:00,2024-04-15T10:00:00+00:00,2024-04-15T10:14:00+00:00,2024-04-15T10:14:00+00:00,2024-04-15T10:14:00+00:00,Charles De Gaulle,Europe/Paris,CDG,LFPG,2F,,22,,2024-04-15T11:30:00+00:00,2024-04-15T11:30:00+00:00,2024-04-15T11:19:00+00:00,2024-04-15T11:19:00+00:00,2024-04-15T11:19:00+00:00,None,None,None,None
2024-04-15DL9502None,2024-04-15,active,9502,DL9502,DAL9502,Delta Air Lines,DL,DAL,Edinburgh,Europe/London,EDI,EGPH,,11,125,2024-04-15T09:10:00+00:00,2024-04-15T09:10:00+00:00,,,,Schiphol,Europe/Amsterdam,AMS,EHAM,2,D52,011,,2024-04-15T11:35:00+00:00,2024-04-15T11:35:00+00:00,,,,None,None,None,None
2024-04-15DL3896None,2024-04-15,landed,3896,DL3896,DAL3896,Delta Air Lines,DL,DAL,Salt Lake City International,America/Denver,SLC,KSLC,,A38,15,2024-04-15T14:00:00+00:00,2024-04-15T14:00:00+00:00,2024-04-15T14:15:00+00:00,2024-04-15T14:15:00+00:00,2024-04-15T14:15:00+00:00,Eppley Airfield,America/Chicago,OMA,KOMA,C,A2,,,2024-04-15T17:16:00+00:00,2024-04-15T17:16:00+00:00,2024-04-15T17:12:00+00:00,2024-04-15T17:12:00+00:00,2024-04-15T17:12:00+00:00,None,None,None,None
2024-04-15DL1152None,2024-04-15,landed,1152,DL1152,DAL1152,Delta Air Lines,DL,DAL,Salt Lake City International,America/Denver,SLC,KSLC,,A33,21,2024-04-15T14:00:00+00:00,2024-04-15T14:00:00+00:00,2024-04-15T14:20:00+00:00,2024-04-15T14:20:00+00:00,2024-04-15T14:20:00+00:00,Nashville International,America/Chicago,BNA,KBNA,C,B7,,,2024-04-15T18:18:00+00:00,2024-04-15T18:18:00+00:00,2024-04-15T18:06:00+00:00,2024-04-15T18:06:00+00:00,2024-04-15T18:06:00+00:00,None,None,None,None
2024-04-15DL2294BCS1,2024-04-15,landed,2294,DL2294,DAL2294,Delta Air Lines,DL,DAL,Salt Lake City International,America/Denver,SLC,KSLC,,A11,11,2024-04-15T13:59:00+00:00,2024-04-15T13:59:00+00:00,2024-04-15T14:10:00+00:00,2024-04-15T14:10:00+00:00,2024-04-15T14:10:00+00:00,Dallas/Fort Worth International,America/Chicago,DFW,KDFW,E,E15,E14,,2024-04-15T17:35:00+00:00,2024-04-15T17:35:00+00:00,2024-04-15T17:24:00+00:00,2024-04-15T17:24:00+00:00,2024-04-15T17:24:00+00:00,N101DU,BCS1,BCS1,A008C9
2024-04-15DL2090None,2024-04-15,landed,2090,DL2090,DAL2090,Delta Air Lines,DL,DAL,Salt Lake City International,America/Denver,SLC,KSLC,,A2,12,2024-04-15T13:55:00+00:00,2024-04-15T13:55:00+00:00,2024-04-15T14:07:00+00:00,2024-04-15T14:07:00+00:00,2024-04-15T14:07:00+00:00,Lambert-St. Louis International,America/Chicago,STL,KSTL,1,A4,,,2024-04-15T17:42:00+00:00,2024-04-15T17:42:00+00:00,2024-04-15T17:24:00+00:00,2024-04-15T17:24:00+00:00,2024-04-15T17:24:00+00:00,None,None,None,None
2024-04-15DL1263BCS3,2024-04-15,landed,1263,DL1263,DAL1263,Delta Air Lines,DL,DAL,Salt Lake City International,America/Denver,SLC,KSLC,,A1,17,2024-04-15T13:55:00+00:00,2024-04-15T13:55:00+00:00,2024-04-15T14:11:00+00:00,2024-04-15T14:11:00+00:00,2024-04-15T14:11:00+00:00,Kansas City International Airport,America/Chicago,MCI,KMCI,2,B40,,,2024-04-15T17:17:00+00:00,2024-04-15T17:17:00+00:00,2024-04-15T17:10:00+00:00,2024-04-15T17:10:00+00:00,2024-04-15T17:10:00+00:00,N316DU,BCS3,BCS3,A35D79
2024-04-15DL752BCS3,2024-04-15,landed,752,DL752,DAL752,Delta Air Lines,DL,DAL,Salt Lake City International,America/Denver,SLC,KSLC,,A3,3,2024-04-15T13:50:00+00:00,2024-04-15T13:50:00+00:00,2024-04-15T13:53:00+00:00,2024-04-15T13:53:00+00:00,2024-04-15T13:53:00+00:00,Chicago O'hare International,America/Chicago,ORD,KORD,5,M6,11,,2024-04-15T17:55:00+00:00,2024-04-15T17:55:00+00:00,2024-04-15T17:27:00+00:00,2024-04-15T17:27:00+00:00,2024-04-15T17:27:00+00:00,N303DU,BCS3,BCS3,A32AD5
2024-04-15DL2143BCS3,2024-04-15,landed,2143,DL2143,DAL2143,Delta Air Lines,DL,DAL,Salt Lake City International,America/Denver,SLC,KSLC,,A22,33,2024-04-15T13:45:00+00:00,2024-04-15T13:45:00+00:00,2024-04-15T14:18:00+00:00,2024-04-15T14:18:00+00:00,2024-04-15T14:18:00+00:00,San Antonio International,America/Chicago,SAT,KSAT,A,4,A1,23,2024-04-15T17:20:00+00:00,2024-04-15T17:20:00+00:00,2024-04-15T17:42:00+00:00,2024-04-15T17:42:00+00:00,2024-04-15T17:42:00+00:00,N318DU,BCS3,BCS3,A364E7
2024-04-15DL704BCS1,2024-04-15,landed,704,DL704,DAL704,Delta Air Lines,DL,DAL,Salt Lake City International,America/Denver,SLC,KSLC,,A6,10,2024-04-15T13:45:00+00:00,2024-04-15T13:45:00+00:00,2024-04-15T13:54:00+00:00,2024-04-15T13:54:00+00:00,2024-04-15T13:54:00+00:00,Austin-bergstrom International,America/Chicago,AUS,KAUS,S,8,7,,2024-04-15T17:25:00+00:00,2024-04-15T17:25:00+00:00,2024-04-15T17:22:00+00:00,2024-04-15T17:22:00+00:00,2024-04-15T17:22:00+00:00,N129DU,BCS1,BCS1,A0757F
2024-04-15DL4323None,2024-04-15,landed,4323,DL4323,DAL4323,Delta Air Lines,DL,DAL,Salt Lake City International,America/Denver,SLC,KSLC,,A44,23,2024-04-15T13:40:00+00:00,2024-04-15T13:40:00+00:00,2024-04-15T14:03:00+00:00,2024-04-15T14:03:00+00:00,2024-04-15T14:03:00+00:00,St. George Municipal,America/Denver,SGU,KSGU,,,,,2024-04-15T14:50:00+00:00,2024-04-15T14:50:00+00:00,2024-04-15T14:45:00+00:00,2024-04-15T14:45:00+00:00,2024-04-15T14:45:00+00:00,None,None,None,None
2024-04-15DL2184BCS3,2024-04-15,landed,2184,DL2184,DAL2184,Delta Air Lines,DL,DAL,Salt Lake City International,America/Denver,SLC,KSLC,,A9,8,2024-04-15T13:40:00+00:00,2024-04-15T13:40:00+00:00,2024-04-15T13:47:00+00:00,2024-04-15T13:47:00+00:00,2024-04-15T13:47:00+00:00,George Bush Intercontinental,America/Chicago,IAH,KIAH,A,12,,,2024-04-15T17:38:00+00:00,2024-04-15T17:38:00+00:00,2024-04-15T17:24:00+00:00,2024-04-15T17:24:00+00:00,2024-04-15T17:24:00+00:00,N317DU,BCS3,BCS3,A36130
2024-04-15DL549A321,2024-04-15,landed,549,DL549,DAL549,Delta Air Lines,DL,DAL,Salt Lake City International,America/Denver,SLC,KSLC,,A25,9,2024-04-15T13:40:00+00:00,2024-04-15T13:40:00+00:00,2024-04-15T13:49:00+00:00,2024-04-15T13:49:00+00:00,2024-04-15T13:49:00+00:00,Hartsfield-jackson Atlanta International,America/New_York,ATL,KATL,S,A5,9,,2024-04-15T19:18:00+00:00,2024-04-15T19:18:00+00:00,2024-04-15T18:59:00+00:00,2024-04-15T18:59:00+00:00,2024-04-15T18:59:00+00:00,N327DN,A321,A321,A388A9
2024-04-15DL6920None,2024-04-15,landed,6920,DL6920,DAL6920,Delta Air Lines,DL,DAL,Halifax International,America/Halifax,YHZ,CYHZ,,18,22,2024-04-15T05:55:00+00:00,2024-04-15T05:55:00+00:00,2024-04-15T06:17:00+00:00,2024-04-15T06:17:00+00:00,2024-04-15T06:17:00+00:00,Lester B. Pearson International,America/Toronto,YYZ,CYYZ,3,B24,3,,2024-04-15T07:27:00+00:00,2024-04-15T07:27:00+00:00,2024-04-15T07:25:00+00:00,2024-04-15T07:25:00+00:00,2024-04-15T07:25:00+00:00,None,None,None,None
2024-04-15DL47A333,2024-04-15,landed,47,DL47,DAL47,Delta Air Lines,DL,DAL,Schiphol,Europe/Amsterdam,AMS,EHAM,,D49,19,2024-04-15T10:50:00+00:00,2024-04-15T10:50:00+00:00,2024-04-15T11:09:00+00:00,2024-04-15T11:09:00+00:00,2024-04-15T11:09:00+00:00,John F Kennedy International,America/New_York,JFK,KJFK,4,B37,T4,,2024-04-15T13:15:00+00:00,2024-04-15T13:15:00+00:00,2024-04-15T13:07:00+00:00,2024-04-15T13:07:00+00:00,2024-04-15T13:07:00+00:00,N823NW,A333,A333,AB3D41
2024-04-15DL135None,2024-04-15,landed,135,DL135,DAL135,Delta Air Lines,DL,DAL,Schiphol,Europe/Amsterdam,AMS,EHAM,2,E2,20,2024-04-15T10:40:00+00:00,2024-04-15T10:40:00+00:00,2024-04-15T10:59:00+00:00,2024-04-15T10:59:00+00:00,2024-04-15T10:59:00+00:00,Detroit Metropolitan Wayne County,America/Detroit,DTW,KDTW,EM,A46,I-7,2,2024-04-15T13:15:00+00:00,2024-04-15T13:15:00+00:00,2024-04-15T13:14:00+00:00,2024-04-15T13:14:00+00:00,2024-04-15T13:14:00+00:00,None,None,None,None
2024-04-15DL57A339,2024-04-15,landed,57,DL57,DAL57,Delta Air Lines,DL,DAL,Schiphol,Europe/Amsterdam,AMS,EHAM,2,D53,16,2024-04-15T10:40:00+00:00,2024-04-15T10:40:00+00:00,2024-04-15T10:55:00+00:00,2024-04-15T10:55:00+00:00,2024-04-15T10:55:00+00:00,Salt Lake City International,America/Denver,SLC,KSLC,S,A19,,,2024-04-15T13:10:00+00:00,2024-04-15T13:10:00+00:00,2024-04-15T13:02:00+00:00,2024-04-15T13:02:00+00:00,2024-04-15T13:02:00+00:00,N411DX,A339,A339,A4D838
2024-04-15DL179A333,2024-04-15,landed,179,DL179,DAL179,Delta Air Lines,DL,DAL,Schiphol,Europe/Amsterdam,AMS,EHAM,2,D7,23,2024-04-15T10:35:00+00:00,2024-04-15T10:35:00+00:00,2024-04-15T10:58:00+00:00,2024-04-15T10:58:00+00:00,2024-04-15T10:58:00+00:00,Portland International,America/Los_Angeles,PDX,KPDX,A,D11,,1,2024-04-15T12:00:00+00:00,2024-04-15T12:00:00+00:00,2024-04-15T12:00:00+00:00,2024-04-15T12:00:00+00:00,2024-04-15T12:00:00+00:00,N827NW,A333,A333,AB4C1D
2024-04-15DL73A359,2024-04-15,landed,73,DL73,DAL73,Delta Air Lines,DL,DAL,Schiphol,Europe/Amsterdam,AMS,EHAM,2,E7,15,2024-04-15T10:35:00+00:00,2024-04-15T10:35:00+00:00,2024-04-15T10:49:00+00:00,2024-04-15T10:49:00+00:00,2024-04-15T10:49:00+00:00,Hartsfield-jackson Atlanta International,America/New_York,ATL,KATL,I,F2,F1,,2024-04-15T14:00:00+00:00,2024-04-15T14:00:00+00:00,2024-04-15T13:53:00+00:00,2024-04-15T13:53:00+00:00,2024-04-15T13:53:00+00:00,N517DZ,A359,A359,A67BD3
2024-04-15DL7878None,2024-04-15,landed,7878,DL7878,DAL7878,Delta Air Lines,DL,DAL,Seoul (Incheon),Asia/Seoul,ICN,RKSI,2,243,12,2024-04-15T17:10:00+00:00,2024-04-15T17:10:00+00:00,2024-04-15T17:21:00+00:00,2024-04-15T17:21:00+00:00,2024-04-15T17:21:00+00:00,Gimhae,Asia/Seoul,PUS,RKPK,I,4,4,,2024-04-15T18:20:00+00:00,2024-04-15T18:20:00+00:00,2024-04-15T18:05:00+00:00,2024-04-15T18:05:00+00:00,2024-04-15T18:05:00+00:00,None,None,None,None
2024-04-15DL8593None,2024-04-15,landed,8593,DL8593,DAL8593,Delta Air Lines,DL,DAL,Charles De Gaulle,Europe/Paris,CDG,LFPG,2F,F35,21,2024-04-15T09:15:00+00:00,2024-04-15T09:15:00+00:00,2024-04-15T09:35:00+00:00,2024-04-15T09:35:00+00:00,2024-04-15T09:35:00+00:00,Peretola,Europe/Rome,FLR,LIRQ,2F,,,,2024-04-15T11:00:00+00:00,2024-04-15T11:00:00+00:00,2024-04-15T10:55:00+00:00,2024-04-15T10:55:00+00:00,2024-04-15T10:55:00+00:00,None,None,None,None
2024-04-15DL153A339,2024-04-15,landed,153,DL153,DAL153,Delta Air Lines,DL,DAL,Charles De Gaulle,Europe/Paris,CDG,LFPG,2E,M45,20,2024-04-15T10:10:00+00:00,2024-04-15T10:10:00+00:00,2024-04-15T10:30:00+00:00,2024-04-15T10:30:00+00:00,2024-04-15T10:30:00+00:00,Minneapolis - St. Paul International,America/Chicago,MSP,KMSP,1,G4,IN1,13,2024-04-15T12:35:00+00:00,2024-04-15T12:35:00+00:00,2024-04-15T12:47:00+00:00,2024-04-15T12:47:00+00:00,2024-04-15T12:47:00+00:00,N423DX,A339,A339,A50725
2024-04-15DL9108None,2024-04-15,landed,9108,DL9108,DAL9108,Delta Air Lines,DL,DAL,San Luis Potosi,America/Mexico_City,SLP,MMSP,A,4,9,2024-04-15T05:51:00+00:00,2024-04-15T05:51:00+00:00,2024-04-15T08:21:00+00:00,2024-04-15T06:01:00+00:00,2024-04-15T08:21:00+00:00,Internacional Benito Juarez,America/Mexico_City,MEX,MMMX,2,Q,,,2024-04-15T07:00:00+00:00,2024-04-15T07:00:00+00:00,2024-04-15T09:00:00+00:00,2024-04-15T06:38:00+00:00,2024-04-15T09:00:00+00:00,None,None,None,None
2024-04-15DL304None,2024-04-15,landed,304,DL304,DAL304,Delta Air Lines,DL,DAL,Detroit Metropolitan Wayne County,America/Detroit,DTW,KDTW,EM,A36,14,2024-04-15T08:35:00+00:00,2024-04-15T08:35:00+00:00,2024-04-15T08:49:00+00:00,2024-04-15T08:49:00+00:00,2024-04-15T08:49:00+00:00,John Wayne,America/Los_Angeles,SNA,KSNA,A,2,2,,2024-04-15T10:28:00+00:00,2024-04-15T10:28:00+00:00,2024-04-15T10:11:00+00:00,2024-04-15T10:11:00+00:00,2024-04-15T10:11:00+00:00,None,None,None,None
2024-04-15DL8659None,2024-04-15,landed,8659,DL8659,DAL8659,Delta Air Lines,DL,DAL,Charles De Gaulle,Europe/Paris,CDG,LFPG,2G,G03,14,2024-04-15T09:05:00+00:00,2024-04-15T09:05:00+00:00,2024-04-15T09:18:00+00:00,2024-04-15T09:18:00+00:00,2024-04-15T09:18:00+00:00,Sandro Pertini (caselle),Europe/Rome,TRN,LIMF,,,,,2024-04-15T10:25:00+00:00,2024-04-15T10:25:00+00:00,2024-04-15T10:20:00+00:00,2024-04-15T10:20:00+00:00,2024-04-15T10:20:00+00:00,None,None,None,None
2024-04-15DL6677None,2024-04-15,landed,6677,DL6677,DAL6677,Delta Air Lines,DL,DAL,Leonardo Da Vinci (Fiumicino),Europe/Rome,FCO,LIRF,1,,22,2024-04-15T09:15:00+00:00,2024-04-15T09:15:00+00:00,2024-04-15T09:36:00+00:00,2024-04-15T09:36:00+00:00,2024-04-15T09:36:00+00:00,Ronchi Dei Legionari,Europe/Rome,TRS,LIPQ,,,,4,2024-04-15T10:25:00+00:00,2024-04-15T10:25:00+00:00,2024-04-15T10:23:00+00:00,2024-04-15T10:23:00+00:00,2024-04-15T10:23:00+00:00,None,None,None,None
2024-04-15DL9338None,2024-04-15,landed,9338,DL9338,DAL9338,Delta Air Lines,DL,DAL,Schiphol,Europe/Amsterdam,AMS,EHAM,1,B24,30,2024-04-15T09:40:00+00:00,2024-04-15T09:40:00+00:00,2024-04-15T10:10:00+00:00,2024-04-15T10:10:00+00:00,2024-04-15T10:10:00+00:00,Kjevik,Europe/Oslo,KRS,ENCN,3,,,5,2024-04-15T11:05:00+00:00,2024-04-15T11:05:00+00:00,2024-04-15T11:10:00+00:00,2024-04-15T11:10:00+00:00,2024-04-15T11:10:00+00:00,None,None,None,None
2024-04-15DL6340None,2024-04-15,active,6340,DL6340,DAL6340,Delta Air Lines,DL,DAL,Salgado Filho,America/Sao_Paulo,POA,SBPA,1,120,23,2024-04-15T16:00:00+00:00,2024-04-15T16:00:00+00:00,2024-04-15T16:22:00+00:00,2024-04-15T16:22:00+00:00,2024-04-15T16:22:00+00:00,Aeroporto Internacional Guarulhos,America/Sao_Paulo,GRU,SBGR,2,,,2,2024-04-15T17:40:00+00:00,2024-04-15T17:40:00+00:00,,,,None,None,None,None
2024-04-15DL2391None,2024-04-15,landed,2391,DL2391,DAL2391,Delta Air Lines,DL,DAL,Pensacola International Airport,America/Chicago,PNS,KPNS,,2,1,2024-04-15T19:34:00+00:00,2024-04-15T19:34:00+00:00,2024-04-15T19:35:00+00:00,2024-04-15T19:35:00+00:00,2024-04-15T19:35:00+00:00,Hartsfield-jackson Atlanta International,America/New_York,ATL,KATL,S,B24,5,,2024-04-15T21:50:00+00:00,2024-04-15T21:50:00+00:00,2024-04-15T21:23:00+00:00,2024-04-15T21:23:00+00:00,2024-04-15T21:23:00+00:00,None,None,None,None
2024-04-15DL9572None,2024-04-15,landed,9572,DL9572,DAL9572,Delta Air Lines,DL,DAL,London City Airport,Europe/London,LCY,EGLC,,4,19,2024-04-15T10:00:00+00:00,2024-04-15T10:00:00+00:00,2024-04-15T10:19:00+00:00,2024-04-15T10:19:00+00:00,2024-04-15T10:19:00+00:00,Schiphol,Europe/Amsterdam,AMS,EHAM,2,A08,01,,2024-04-15T12:05:00+00:00,2024-04-15T12:05:00+00:00,2024-04-15T12:01:00+00:00,2024-04-15T12:01:00+00:00,2024-04-15T12:01:00+00:00,None,None,None,None
2024-04-15DL9571None,2024-04-15,landed,9571,DL9571,DAL9571,Delta Air Lines,DL,DAL,London City Airport,Europe/London,LCY,EGLC,,9,34,2024-04-15T09:20:00+00:00,2024-04-15T09:20:00+00:00,2024-04-15T09:54:00+00:00,2024-04-15T09:54:00+00:00,2024-04-15T09:54:00+00:00,Schiphol,Europe/Amsterdam,AMS,EHAM,2,A08,01,13,2024-04-15T11:25:00+00:00,2024-04-15T11:25:00+00:00,2024-04-15T11:37:00+00:00,2024-04-15T11:37:00+00:00,2024-04-15T11:37:00+00:00,None,None,None,None
2024-04-15DL8061None,2024-04-15,landed,8061,DL8061,DAL8061,Delta Air Lines,DL,DAL,Internacional Benito Juarez,America/Mexico_City,MEX,MMMX,2,74,30,2024-04-15T16:40:00+00:00,2024-04-15T16:40:00+00:00,2024-04-15T17:10:00+00:00,2024-04-15T17:10:00+00:00,2024-04-15T17:10:00+00:00,Aguascalients,America/Mexico_City,AGU,MMAS,2,,,,2024-04-15T18:11:00+00:00,2024-04-15T18:11:00+00:00,2024-04-15T18:07:00+00:00,2024-04-15T18:07:00+00:00,2024-04-15T18:07:00+00:00,None,None,None,None
2024-04-15DL146A359,2024-04-15,landed,146,DL146,DAL146,Delta Air Lines,DL,DAL,Arturo Merino Benitez,America/Santiago,SCL,SCEL,2,E05,35,2024-04-15T20:40:00+00:00,2024-04-15T20:40:00+00:00,2024-04-15T21:14:00+00:00,2024-04-15T21:14:00+00:00,2024-04-15T21:14:00+00:00,Hartsfield-jackson Atlanta International,America/New_York,ATL,KATL,I,F6,99,,2024-04-16T06:20:00+00:00,2024-04-16T06:20:00+00:00,2024-04-16T06:16:00+00:00,2024-04-16T06:16:00+00:00,2024-04-16T06:16:00+00:00,N576DZ,A359,A359,A76516
2024-04-15DL8574None,2024-04-15,landed,8574,DL8574,DAL8574,Delta Air Lines,DL,DAL,Charles De Gaulle,Europe/Paris,CDG,LFPG,2G,G25,27,2024-04-15T18:30:00+00:00,2024-04-15T18:30:00+00:00,2024-04-15T18:56:00+00:00,2024-04-15T18:56:00+00:00,2024-04-15T18:56:00+00:00,Montpellier Méditerranée,Europe/Paris,MPL,LFMT,,,3,2,2024-04-15T19:55:00+00:00,2024-04-15T19:55:00+00:00,2024-04-15T19:57:00+00:00,2024-04-15T19:57:00+00:00,2024-04-15T19:57:00+00:00,None,None,None,None
2024-04-15DL5714E75S,2024-04-15,landed,5714,DL5714,DAL5714,Delta Air Lines,DL,DAL,Pittsburgh International,America/New_York,PIT,KPIT,,D78,6,2024-04-15T11:20:00+00:00,2024-04-15T11:20:00+00:00,2024-04-15T11:25:00+00:00,2024-04-15T11:25:00+00:00,2024-04-15T11:25:00+00:00,John F Kennedy International,America/New_York,JFK,KJFK,4,B55,T4,,2024-04-15T12:59:00+00:00,2024-04-15T12:59:00+00:00,2024-04-15T12:37:00+00:00,2024-04-15T12:37:00+00:00,2024-04-15T12:37:00+00:00,N231JQ,E75S,E75S,A20D0E
2024-04-15DL6123None,2024-04-15,active,6123,DL6123,DAL6123,Delta Air Lines,DL,DAL,International Airport Marechal Rondon,America/Cuiaba,CGB,SBCY,1,2,4,2024-04-15T04:30:00+00:00,2024-04-15T04:30:00+00:00,2024-04-15T04:34:00+00:00,2024-04-15T04:34:00+00:00,2024-04-15T04:34:00+00:00,Aeroporto Internacional Guarulhos,America/Sao_Paulo,GRU,SBGR,2,,,,2024-04-15T07:45:00+00:00,2024-04-15T07:45:00+00:00,,,,None,None,None,None
2024-04-15DL6226None,2024-04-15,landed,6226,DL6226,DAL6226,Delta Air Lines,DL,DAL,International Airport Marechal Rondon,America/Cuiaba,CGB,SBCY,1,2,4,2024-04-15T04:30:00+00:00,2024-04-15T04:30:00+00:00,2024-04-15T04:34:00+00:00,2024-04-15T04:34:00+00:00,2024-04-15T04:34:00+00:00,Aeroporto Internacional Guarulhos,America/Sao_Paulo,GRU,SBGR,2,,,,2024-04-15T07:45:00+00:00,2024-04-15T07:45:00+00:00,2024-04-15T07:29:00+00:00,2024-04-15T07:29:00+00:00,2024-04-15T07:29:00+00:00,None,None,None,None
2024-04-15DL1084B752,2024-04-15,landed,1084,DL1084,DAL1084,Delta Air Lines,DL,DAL,Hartsfield-jackson Atlanta International,America/New_York,ATL,KATL,S,A24,25,2024-04-15T20:55:00+00:00,2024-04-15T20:55:00+00:00,2024-04-15T21:20:00+00:00,2024-04-15T21:20:00+00:00,2024-04-15T21:20:00+00:00,Richmond International Airport,America/New_York,RIC,KRIC,N,B14,,4,2024-04-15T22:25:00+00:00,2024-04-15T22:25:00+00:00,2024-04-15T22:29:00+00:00,2024-04-15T22:29:00+00:00,2024-04-15T22:29:00+00:00,N698DL,B752,B752,A948C4
2024-04-15DL1251A321,2024-04-15,landed,1251,DL1251,DAL1251,Delta Air Lines,DL,DAL,Hartsfield-jackson Atlanta International,America/New_York,ATL,KATL,S,B23,18,2024-04-15T20:55:00+00:00,2024-04-15T20:55:00+00:00,2024-04-15T21:13:00+00:00,2024-04-15T21:13:00+00:00,2024-04-15T21:13:00+00:00,Tucson International Airport,America/Phoenix,TUS,KTUS,4,B2,,6,2024-04-15T21:48:00+00:00,2024-04-15T21:48:00+00:00,2024-04-15T21:44:00+00:00,2024-04-15T21:44:00+00:00,2024-04-15T21:44:00+00:00,N352DN,A321,A321,A3EC93
2024-04-15DL1268None,2024-04-15,landed,1268,DL1268,DAL1268,Delta Air Lines,DL,DAL,Hartsfield-jackson Atlanta International,America/New_York,ATL,KATL,S,B32,24,2024-04-15T20:55:00+00:00,2024-04-15T20:55:00+00:00,2024-04-15T21:19:00+00:00,2024-04-15T21:19:00+00:00,2024-04-15T21:19:00+00:00,Pensacola International Airport,America/Chicago,PNS,KPNS,B,2,,1,2024-04-15T21:04:00+00:00,2024-04-15T21:04:00+00:00,2024-04-15T21:04:00+00:00,2024-04-15T21:04:00+00:00,2024-04-15T21:04:00+00:00,None,None,None,None
2024-04-15DL1339None,2024-04-15,landed,1339,DL1339,DAL1339,Delta Air Lines,DL,DAL,Hartsfield-jackson Atlanta International,America/New_York,ATL,KATL,S,A1,11,2024-04-15T20:55:00+00:00,2024-04-15T20:55:00+00:00,2024-04-15T21:05:00+00:00,2024-04-15T21:05:00+00:00,2024-04-15T21:05:00+00:00,Louisville International (Standiford Field),America/Kentucky/Louisville,SDF,KSDF,C,A5,C,,2024-04-15T22:13:00+00:00,2024-04-15T22:13:00+00:00,2024-04-15T22:00:00+00:00,2024-04-15T22:00:00+00:00,2024-04-15T22:00:00+00:00,None,None,None,None
2024-04-15DL2179None,2024-04-15,active,2179,DL2179,DAL2179,Delta Air Lines,DL,DAL,Hartsfield-jackson Atlanta International,America/New_York,ATL,KATL,S,B27,38,2024-04-15T20:55:00+00:00,2024-04-15T20:55:00+00:00,2024-04-15T21:33:00+00:00,2024-04-15T21:33:00+00:00,2024-04-15T21:33:00+00:00,Greenville Spartanburg International Airport,America/New_York,GSP,KGSP,F,B2,,12,2024-04-15T21:53:00+00:00,2024-04-15T21:53:00+00:00,,,,None,None,None,None
2024-04-15DL1531None,2024-04-15,landed,1531,DL1531,DAL1531,Delta Air Lines,DL,DAL,Hartsfield-jackson Atlanta International,America/New_York,ATL,KATL,S,T1,21,2024-04-15T20:59:00+00:00,2024-04-15T20:59:00+00:00,2024-04-15T21:19:00+00:00,2024-04-15T21:19:00+00:00,2024-04-15T21:19:00+00:00,Albuquerque International,America/Denver,ABQ,KABQ,2,B10,,4,2024-04-15T22:21:00+00:00,2024-04-15T22:21:00+00:00,2024-04-15T22:24:00+00:00,2024-04-15T22:24:00+00:00,2024-04-15T22:24:00+00:00,None,None,None,None
2024-04-15DL5397None,2024-04-15,landed,5397,DL5397,DAL5397,Delta Air Lines,DL,DAL,Hartsfield-jackson Atlanta International,America/New_York,ATL,KATL,S,D42,10,2024-04-15T20:58:00+00:00,2024-04-15T20:58:00+00:00,2024-04-15T21:08:00+00:00,2024-04-15T21:08:00+00:00,2024-04-15T21:08:00+00:00,Huntsville International - Carl T. Jones Field,America/Chicago,HSV,KHSV,2,10,2,,2024-04-15T20:57:00+00:00,2024-04-15T20:57:00+00:00,2024-04-15T20:42:00+00:00,2024-04-15T20:42:00+00:00,2024-04-15T20:42:00+00:00,None,None,None,None
2024-04-15DL2750None,2024-04-15,landed,2750,DL2750,DAL2750,Delta Air Lines,DL,DAL,Hartsfield-jackson Atlanta International,America/New_York,ATL,KATL,S,B14,15,2024-04-15T20:55:00+00:00,2024-04-15T20:55:00+00:00,2024-04-15T21:10:00+00:00,2024-04-15T21:10:00+00:00,2024-04-15T21:10:00+00:00,Hopkins International,America/New_York,CLE,KCLE,TERM,B4,,,2024-04-15T22:39:00+00:00,2024-04-15T22:39:00+00:00,2024-04-15T22:29:00+00:00,2024-04-15T22:29:00+00:00,2024-04-15T22:29:00+00:00,None,None,None,None
2024-04-15DL2646None,2024-04-15,landed,2646,DL2646,DAL2646,Delta Air Lines,DL,DAL,Hartsfield-jackson Atlanta International,America/New_York,ATL,KATL,S,D6,9,2024-04-15T20:55:00+00:00,2024-04-15T20:55:00+00:00,2024-04-15T21:04:00+00:00,2024-04-15T21:04:00+00:00,2024-04-15T21:04:00+00:00,Logan International,America/New_York,BOS,KBOS,A,A21,3,,2024-04-15T23:31:00+00:00,2024-04-15T23:31:00+00:00,2024-04-15T23:17:00+00:00,2024-04-15T23:17:00+00:00,2024-04-15T23:17:00+00:00,None,None,None,None
2024-04-15DL2425B738,2024-04-15,landed,2425,DL2425,DAL2425,Delta Air Lines,DL,DAL,Hartsfield-jackson Atlanta International,America/New_York,ATL,KATL,S,A34,20,2024-04-15T20:55:00+00:00,2024-04-15T20:55:00+00:00,2024-04-15T21:14:00+00:00,2024-04-15T21:14:00+00:00,2024-04-15T21:14:00+00:00,Savannah/Hilton Head,America/New_York,SAV,KSAV,1,11,,,2024-04-15T21:57:00+00:00,2024-04-15T21:57:00+00:00,2024-04-15T21:56:00+00:00,2024-04-15T21:56:00+00:00,2024-04-15T21:56:00+00:00,N3748Y,B738,B738,A4462E
2024-04-15DL2372B712,2024-04-15,landed,2372,DL2372,DAL2372,Delta Air Lines,DL,DAL,Hartsfield-jackson Atlanta International,America/New_York,ATL,KATL,S,C43,5,2024-04-15T20:55:00+00:00,2024-04-15T20:55:00+00:00,2024-04-15T20:59:00+00:00,2024-04-15T20:59:00+00:00,2024-04-15T20:59:00+00:00,Roanoke Regional Airport,America/New_York,ROA,KROA,,4,,,2024-04-15T22:17:00+00:00,2024-04-15T22:17:00+00:00,2024-04-15T22:04:00+00:00,2024-04-15T22:04:00+00:00,2024-04-15T22:04:00+00:00,N950AT,B712,B712,AD34B9
2024-04-15DL5074None,2024-04-15,landed,5074,DL5074,DAL5074,Delta Air Lines,DL,DAL,Hartsfield-jackson Atlanta International,America/New_York,ATL,KATL,S,C49,7,2024-04-15T21:05:00+00:00,2024-04-15T21:05:00+00:00,2024-04-15T21:11:00+00:00,2024-04-15T21:11:00+00:00,2024-04-15T21:11:00+00:00,Golden Triangle Reg.,America/Chicago,GTR,KGTR,S,G01,,,2024-04-15T21:18:00+00:00,2024-04-15T21:18:00+00:00,2024-04-15T20:57:00+00:00,2024-04-15T20:57:00+00:00,2024-04-15T20:57:00+00:00,None,None,None,None
2024-04-15DL5062None,2024-04-15,landed,5062,DL5062,DAL5062,Delta Air Lines,DL,DAL,Hartsfield-jackson Atlanta International,America/New_York,ATL,KATL,S,C40,16,2024-04-15T21:05:00+00:00,2024-04-15T21:05:00+00:00,2024-04-15T21:21:00+00:00,2024-04-15T21:21:00+00:00,2024-04-15T21:21:00+00:00,Lafayette Regional,America/Chicago,LFT,KLFT,,1,1,,2024-04-15T21:53:00+00:00,2024-04-15T21:53:00+00:00,2024-04-15T21:34:00+00:00,2024-04-15T21:34:00+00:00,2024-04-15T21:34:00+00:00,None,None,None,None
2024-04-15DL2945B712,2024-04-15,landed,2945,DL2945,DAL2945,Delta Air Lines,DL,DAL,Hartsfield-jackson Atlanta International,America/New_York,ATL,KATL,S,C33,9,2024-04-15T21:05:00+00:00,2024-04-15T21:05:00+00:00,2024-04-15T21:13:00+00:00,2024-04-15T21:13:00+00:00,2024-04-15T21:13:00+00:00,Outagamie County,America/Chicago,ATW,KATW,EM,6,,,2024-04-15T22:17:00+00:00,2024-04-15T22:17:00+00:00,2024-04-15T21:59:00+00:00,2024-04-15T21:59:00+00:00,2024-04-15T21:59:00+00:00,N920AT,B712,B712,ACBE3C
2024-04-15DL2540None,2024-04-15,scheduled,2540,DL2540,DAL2540,Delta Air Lines,DL,DAL,Hartsfield-jackson Atlanta International,America/New_York,ATL,KATL,S,T2,83,2024-04-15T21:05:00+00:00,2024-04-15T21:05:00+00:00,2024-04-15T22:28:00+00:00,2024-04-15T22:28:00+00:00,2024-04-15T22:28:00+00:00,Norfolk International Airport,America/New_York,ORF,KORF,2,B23,,76,2024-04-15T22:35:00+00:00,2024-04-15T22:35:00+00:00,,,,None,None,None,None
2024-04-15DL210A359,2024-04-15,landed,210,DL210,DAL210,Delta Air Lines,DL,DAL,Hartsfield-jackson Atlanta International,America/New_York,ATL,KATL,I,E11,11,2024-04-15T21:05:00+00:00,2024-04-15T21:05:00+00:00,2024-04-15T21:16:00+00:00,2024-04-15T21:16:00+00:00,2024-04-15T21:16:00+00:00,Cape Town International,Africa/Johannesburg,CPT,FACT,B,A5,1.3,,2024-04-16T17:50:00+00:00,2024-04-16T17:50:00+00:00,2024-04-16T17:08:00+00:00,2024-04-16T17:08:00+00:00,2024-04-16T17:08:00+00:00,N513DZ,A359,A359,A66CF7
2024-04-15DL5224None,2024-04-15,landed,5224,DL5224,DAL5224,Delta Air Lines,DL,DAL,Hartsfield-jackson Atlanta International,America/New_York,ATL,KATL,S,D39,7,2024-04-15T21:00:00+00:00,2024-04-15T21:00:00+00:00,2024-04-15T21:07:00+00:00,2024-04-15T21:07:00+00:00,2024-04-15T21:07:00+00:00,Mc Ghee Tyson,America/New_York,TYS,KTYS,C,5,,,2024-04-15T21:57:00+00:00,2024-04-15T21:57:00+00:00,2024-04-15T21:41:00+00:00,2024-04-15T21:41:00+00:00,2024-04-15T21:41:00+00:00,None,None,None,None
2024-04-15DL4026CRJ9,2024-04-15,landed,4026,DL4026,DAL4026,Delta Air Lines,DL,DAL,Hartsfield-jackson Atlanta International,America/New_York,ATL,KATL,S,D44,16,2024-04-15T21:00:00+00:00,2024-04-15T21:00:00+00:00,2024-04-15T21:16:00+00:00,2024-04-15T21:16:00+00:00,2024-04-15T21:16:00+00:00,South Bend Regional,America/Indiana/Indianapolis,SBN,KSBN,,A5,,,2024-04-15T22:49:00+00:00,2024-04-15T22:49:00+00:00,2024-04-15T22:38:00+00:00,2024-04-15T22:38:00+00:00,2024-04-15T22:38:00+00:00,N825SK,CRJ9,CRJ9,AB4508
2024-04-15DL2591None,2024-04-15,landed,2591,DL2591,DAL2591,Delta Air Lines,DL,DAL,Hartsfield-jackson Atlanta International,America/New_York,ATL,KATL,S,E9,10,2024-04-15T21:00:00+00:00,2024-04-15T21:00:00+00:00,2024-04-15T21:10:00+00:00,2024-04-15T21:10:00+00:00,2024-04-15T21:10:00+00:00,Piedmont Triad International,America/New_York,GSO,KGSO,C,31,,,2024-04-15T22:15:00+00:00,2024-04-15T22:15:00+00:00,2024-04-15T22:03:00+00:00,2024-04-15T22:03:00+00:00,2024-04-15T22:03:00+00:00,None,None,None,None
2024-04-15DL1562B712,2024-04-15,landed,1562,DL1562,DAL1562,Delta Air Lines,DL,DAL,Hartsfield-jackson Atlanta International,America/New_York,ATL,KATL,S,D7,14,2024-04-15T21:00:00+00:00,2024-04-15T21:00:00+00:00,2024-04-15T21:14:00+00:00,2024-04-15T21:14:00+00:00,2024-04-15T21:14:00+00:00,Charlotte Douglas,America/New_York,CLT,KCLT,A,A7,2,,2024-04-15T22:10:00+00:00,2024-04-15T22:10:00+00:00,2024-04-15T22:00:00+00:00,2024-04-15T22:00:00+00:00,2024-04-15T22:00:00+00:00,N948AT,B712,B712,AD2AF2
2024-04-15DL682None,2024-04-15,landed,682,DL682,DAL682,Delta Air Lines,DL,DAL,Hartsfield-jackson Atlanta International,America/New_York,ATL,KATL,S,A2,32,2024-04-15T21:00:00+00:00,2024-04-15T21:00:00+00:00,2024-04-15T21:31:00+00:00,2024-04-15T21:31:00+00:00,2024-04-15T21:31:00+00:00,Sacramento International,America/Los_Angeles,SMF,KSMF,A,12,,5,2024-04-15T23:09:00+00:00,2024-04-15T23:09:00+00:00,2024-04-15T23:14:00+00:00,2024-04-15T23:14:00+00:00,2024-04-15T23:14:00+00:00,None,None,None,None
2024-04-15DL993None,2024-04-15,landed,993,DL993,DAL993,Delta Air Lines,DL,DAL,Hartsfield-jackson Atlanta International,America/New_York,ATL,KATL,S,B28,27,2024-04-15T21:00:00+00:00,2024-04-15T21:00:00+00:00,2024-04-15T21:26:00+00:00,2024-04-15T21:26:00+00:00,2024-04-15T21:26:00+00:00,San Francisco International,America/Los_Angeles,SFO,KSFO,2,C9,2,,2024-04-15T23:24:00+00:00,2024-04-15T23:24:00+00:00,2024-04-15T23:08:00+00:00,2024-04-15T23:08:00+00:00,2024-04-15T23:08:00+00:00,None,None,None,None
2024-04-15DL378None,2024-04-15,scheduled,378,DL378,DAL378,Delta Air Lines,DL,DAL,Hartsfield-jackson Atlanta International,America/New_York,ATL,KATL,S,B19,45,2024-04-15T21:00:00+00:00,2024-04-15T21:00:00+00:00,2024-04-15T21:45:00+00:00,2024-04-15T21:45:00+00:00,2024-04-15T21:45:00+00:00,Ronald Reagan Washington National Airport,America/New_York,DCA,KDCA,2,B17,,55,2024-04-15T22:43:00+00:00,2024-04-15T22:43:00+00:00,,,,None,None,None,None
2024-04-15DL31A321,2024-04-15,landed,31,DL31,DAL31,Delta Air Lines,DL,DAL,Hartsfield-jackson Atlanta International,America/New_York,ATL,KATL,S,T4,25,2024-04-15T21:00:00+00:00,2024-04-15T21:00:00+00:00,2024-04-15T21:25:00+00:00,2024-04-15T21:25:00+00:00,2024-04-15T21:25:00+00:00,Dallas/Fort Worth International,America/Chicago,DFW,KDFW,E,E14,E14,,2024-04-15T22:22:00+00:00,2024-04-15T22:22:00+00:00,2024-04-15T22:13:00+00:00,2024-04-15T22:13:00+00:00,2024-04-15T22:13:00+00:00,N322DN,A321,A321,A37616
2024-04-15DL2527None,2024-04-15,landed,2527,DL2527,DAL2527,Delta Air Lines,DL,DAL,Hartsfield-jackson Atlanta International,America/New_York,ATL,KATL,S,B6,19,2024-04-15T20:59:00+00:00,2024-04-15T20:59:00+00:00,2024-04-15T21:17:00+00:00,2024-04-15T21:17:00+00:00,2024-04-15T21:17:00+00:00,Newark Liberty International,America/New_York,EWR,KEWR,A,A04,,4,2024-04-15T23:04:00+00:00,2024-04-15T23:04:00+00:00,2024-04-15T23:07:00+00:00,2024-04-15T23:07:00+00:00,2024-04-15T23:07:00+00:00,None,None,None,None
2024-04-15DL9318None,2024-04-15,landed,9318,DL9318,DAL9318,Delta Air Lines,DL,DAL,Entebbe,Africa/Kampala,EBB,HUEN,,04,2,2024-04-15T23:59:00+00:00,2024-04-15T23:59:00+00:00,2024-04-16T00:00:00+00:00,2024-04-16T00:00:00+00:00,2024-04-16T00:00:00+00:00,Schiphol,Europe/Amsterdam,AMS,EHAM,2,F9,11,,2024-04-16T07:40:00+00:00,2024-04-16T07:40:00+00:00,2024-04-16T07:26:00+00:00,2024-04-16T07:26:00+00:00,2024-04-16T07:26:00+00:00,None,None,None,None
2024-04-15DL553None,2024-04-15,active,553,DL553,DAL553,Delta Air Lines,DL,DAL,Halifax International,America/Halifax,YHZ,CYHZ,,,,2024-04-15T17:35:00+00:00,2024-04-15T17:35:00+00:00,,,,Lester B. Pearson International,America/Toronto,YYZ,CYYZ,3,,,,2024-04-15T19:17:00+00:00,2024-04-15T19:17:00+00:00,,,,None,None,None,None
2024-04-15DL6900None,2024-04-15,landed,6900,DL6900,DAL6900,Delta Air Lines,DL,DAL,Palm Springs Metropolitan Area,America/Los_Angeles,PSP,KPSP,,8,5,2024-04-15T17:50:00+00:00,2024-04-15T17:50:00+00:00,2024-04-15T17:55:00+00:00,2024-04-15T17:55:00+00:00,2024-04-15T17:55:00+00:00,Calgary International Airport,America/Edmonton,YYC,CYYC,1,D86,,,2024-04-15T22:00:00+00:00,2024-04-15T22:00:00+00:00,2024-04-15T21:47:00+00:00,2024-04-15T21:47:00+00:00,2024-04-15T21:47:00+00:00,None,None,None,None
2024-04-15DL3737None,2024-04-15,landed,3737,DL3737,DAL3737,Delta Air Lines,DL,DAL,Palm Springs Metropolitan Area,America/Los_Angeles,PSP,KPSP,,6,7,2024-04-15T17:14:00+00:00,2024-04-15T17:14:00+00:00,2024-04-15T17:20:00+00:00,2024-04-15T17:20:00+00:00,2024-04-15T17:20:00+00:00,Salt Lake City International,America/Denver,SLC,KSLC,1,B6,,,2024-04-15T20:00:00+00:00,2024-04-15T20:00:00+00:00,2024-04-15T19:56:00+00:00,2024-04-15T19:56:00+00:00,2024-04-15T19:56:00+00:00,None,None,None,None
